{"cameraMode":{"drawMode":0,"name":"Shaded","section":"Shading Mode"},"sceneLighting":true,"audioPlay":false,"sceneViewState":{"m_AlwaysRefresh":false,"showFog":true,"showSkybox":true,"showFlares":true,"showImageEffects":true,"showParticleSystems":true,"showVisualEffectGraphs":true,"m_FxEnabled":true},"in2DMode":false,"pivot":{"x":-14.085762023925782,"y":0.35734105110168459,"z":9.343096733093262},"rotation":{"x":-0.0020649603102356197,"y":-0.976703941822052,"z":0.21431131660938264,"w":-0.009375091642141343},"size":19.1700496673584,"orthographic":true}