{"cameraMode":{"drawMode":0,"name":"Shaded","section":"Shading Mode"},"sceneLighting":true,"audioPlay":false,"sceneViewState":{"m_AlwaysRefresh":false,"showFog":true,"showSkybox":true,"showFlares":true,"showImageEffects":true,"showParticleSystems":true,"showVisualEffectGraphs":true,"m_FxEnabled":true},"in2DMode":false,"pivot":{"x":8.810429573059082,"y":3.3351869583129885,"z":8.476123809814454},"rotation":{"x":-0.030068159103393556,"y":0.9278887510299683,"z":-0.07672491669654846,"w":-0.36363521218299868},"size":7.82534122467041,"orthographic":true}