{"cameraMode":{"drawMode":0,"name":"Shaded","section":"Shading Mode"},"sceneLighting":true,"audioPlay":false,"sceneViewState":{"m_AlwaysRefresh":false,"showFog":true,"showSkybox":true,"showFlares":true,"showImageEffects":true,"showParticleSystems":true,"showVisualEffectGraphs":true,"m_FxEnabled":true},"in2DMode":false,"pivot":{"x":8.810429573059082,"y":3.3351869583129885,"z":8.476123809814454},"rotation":{"x":0.059243038296699527,"y":-0.9046885967254639,"z":0.13395555317401887,"w":0.40010711550712588},"size":5.24593448638916,"orthographic":true}