{"cameraMode":{"drawMode":0,"name":"Shaded","section":"Shading Mode"},"sceneLighting":true,"audioPlay":false,"sceneViewState":{"m_AlwaysRefresh":false,"showFog":true,"showSkybox":true,"showFlares":true,"showImageEffects":true,"showParticleSystems":true,"showVisualEffectGraphs":true,"m_FxEnabled":true},"in2DMode":false,"pivot":{"x":3.933828353881836,"y":3.823237895965576,"z":9.051020622253418},"rotation":{"x":-0.07205864042043686,"y":0.19207392632961274,"z":-0.014142483472824097,"w":-0.9786272644996643},"size":0.2746792733669281,"orthographic":true}