{"cameraMode":{"drawMode":0,"name":"Shaded","section":"Shading Mode"},"sceneLighting":false,"audioPlay":false,"sceneViewState":{"m_AlwaysRefresh":false,"showFog":false,"showSkybox":false,"showFlares":false,"showImageEffects":false,"showParticleSystems":false,"showVisualEffectGraphs":true,"m_FxEnabled":true},"in2DMode":false,"pivot":{"x":-0.1166771650314331,"y":0.8246252536773682,"z":0.006700754165649414},"rotation":{"x":-0.0012353239580988885,"y":-0.9937735199928284,"z":0.11076418310403824,"w":-0.011030752211809159},"size":2.0986034870147707,"orthographic":true}