{"cameraMode":{"drawMode":0,"name":"Shaded","section":"Shading Mode"},"sceneLighting":false,"audioPlay":false,"sceneViewState":{"m_AlwaysRefresh":false,"showFog":true,"showSkybox":false,"showFlares":true,"showImageEffects":true,"showParticleSystems":true,"showVisualEffectGraphs":true,"m_FxEnabled":true},"in2DMode":false,"pivot":{"x":-2.698118209838867,"y":1.1822930574417115,"z":-2.340926170349121},"rotation":{"x":-0.016410958021879197,"y":-0.9814402461051941,"z":0.16373567283153535,"w":-0.09836754947900772},"size":2.6348931789398195,"orthographic":false}