{"cameraMode":{"drawMode":0,"name":"Shaded","section":"Shading Mode"},"sceneLighting":true,"audioPlay":false,"sceneViewState":{"m_AlwaysRefresh":false,"showFog":true,"showSkybox":true,"showFlares":true,"showImageEffects":true,"showParticleSystems":true,"showVisualEffectGraphs":true,"m_FxEnabled":true},"in2DMode":false,"pivot":{"x":-0.07531385123729706,"y":0.23735754191875459,"z":1.4299514293670655},"rotation":{"x":-0.14200705289840699,"y":0.012464500963687897,"z":-0.001787119428627193,"w":-0.9897890090942383},"size":0.33132144808769228,"orthographic":false}