{"cameraMode":{"drawMode":0,"name":"Shaded","section":"Shading Mode"},"sceneLighting":false,"audioPlay":false,"sceneViewState":{"m_AlwaysRefresh":false,"showFog":false,"showSkybox":false,"showFlares":false,"showImageEffects":false,"showParticleSystems":false,"showVisualEffectGraphs":true,"m_FxEnabled":true},"in2DMode":false,"pivot":{"x":-0.00036084651947021484,"y":0.8074254989624023,"z":0.0336783230304718},"rotation":{"x":-0.006365933455526829,"y":-0.9796477556228638,"z":0.19807453453540803,"w":-0.031456418335437778},"size":1.3813351392745972,"orthographic":true}