{"cameraMode":{"drawMode":0,"name":"Shaded","section":"Shading Mode"},"sceneLighting":true,"audioPlay":false,"sceneViewState":{"m_AlwaysRefresh":false,"showFog":true,"showSkybox":true,"showFlares":true,"showImageEffects":true,"showParticleSystems":true,"showVisualEffectGraphs":true,"m_FxEnabled":true},"in2DMode":false,"pivot":{"x":-0.1707499623298645,"y":1.3491514921188355,"z":7.362238883972168},"rotation":{"x":0.11164949089288712,"y":-0.016396308317780496,"z":0.001842362224124372,"w":0.9936165809631348},"size":3.535533905029297,"orthographic":false}